OrderID,ProductID,UnitPrice,Quantity,Discount
191,23,96.29,7,0.07
407,85,98.38,10,0.8
686,51,32.75,6,0.36
157,16,71.43,7,0.04
304,39,47.48,4,0.35
960,27,18.91,2,0.49
282,6,39.01,6,0.11
791,16,35.3,5,0.05
207,69,60.94,5,0.68
988,97,58.03,9,0.7
580,12,5.44,5,0.98
763,10,65.22,1,0.48
688,89,62.83,2,0.48
232,12,93.31,5,0.86
901,76,77.96,2,0.41
827,41,93.27,8,0.26
759,65,22.54,8,0.97
997,33,36.17,7,0.67
964,85,4.66,4,0.15
756,86,57.35,6,0.42
225,68,25.27,6,0.36
862,19,82.25,8,0.65
958,23,36.41,4,0.36
229,13,11.61,6,0.32
687,13,77.03,10,0.17
588,88,83.72,7,0.22
261,54,78.86,10,0.16
871,54,24.76,5,0.64
630,64,33.49,3,0.31
489,72,52.92,5,0.66
855,20,57.99,1,0.78
436,49,5.02,4,0.45
728,33,12.31,2,0.21
848,88,89.1,9,0.63
56,74,99.5,2,0.99
184,61,66.61,2,0.69
982,70,63.08,9,0.1
874,30,40.61,3,0.4
841,85,30.26,6,0.73
964,64,89.33,3,0.93
224,78,93.29,5,0.7
737,75,83.49,3,0.47
613,33,83.67,5,0.58
314,84,89.58,9,0.58
784,6,1.74,2,0.32
917,16,10.09,10,0.57
421,45,5.48,6,0.13
507,63,82.06,1,0.31
2,33,11.91,5,0.56
329,77,81.21,9,0.5
561,51,51.12,9,0.09
21,92,93.91,4,0.01
424,14,82.69,2,0.89
647,52,19.87,1,0.87
205,50,36.54,3,0.43
844,82,99.53,10,0.5
904,36,6.38,6,0.52
557,52,21.82,2,0.31
598,50,35.62,5,0.72
156,7,34.11,10,0.25
432,78,46.95,3,0.57
505,37,78.79,5,0.09
162,80,9.29,10,0.7
474,83,65.43,10,0.62
640,13,99.87,9,0.15
646,99,46.67,7,0.79
527,67,92.02,9,0.05
917,92,55.73,4,0.1
897,13,75.9,10,0.61
170,53,64.66,10,0.92
488,44,46.16,1,0.66
971,38,17.38,4,0.3
372,32,95.07,10,0.6
384,1,16.57,6,0.53
696,89,17.24,4,0.88
50,83,80.59,4,0.72
124,86,22.72,10,0
899,61,87.26,2,0.16
894,84,1.36,3,0.9
334,80,84.5,6,0.66
980,61,52.73,1,0.93
805,30,34.95,10,0.93
256,15,95.78,7,0.13
221,7,74.81,6,0.87
184,53,8.72,9,0.94
661,59,96.31,8,0.17
26,73,9.65,6,0.73
127,69,24.23,10,0.16
117,21,68.58,3,0.33
929,59,69.71,3,0.83
380,69,35.58,7,0.66
372,17,36.46,7,0.24
543,20,45.23,9,0.75
532,81,32.88,1,0.83
933,76,38.69,3,0.86
805,1,27.22,4,0.88
43,42,5.79,4,0.13
33,24,30.26,7,0.22
179,21,52.36,2,0.12
373,98,46.17,3,0.09
509,27,96.49,9,0.13
753,43,8.73,5,0.28
130,76,71.3,10,0.29
602,62,23.44,4,0.68
316,92,61.01,3,0.13
790,13,24.78,3,0.67
610,1,11.37,2,0.75
205,93,43.56,4,0.85
700,95,48.54,2,0.45
705,26,90.79,7,0.26
779,99,77.91,8,0.33
950,1,98.51,5,0.67
451,55,63.29,3,0.92
43,79,12.8,4,0.3
66,100,55.23,10,0.53
660,9,86.58,5,0.18
857,8,70.53,1,0.63
943,32,78.37,5,0.45
120,81,14.81,6,0.33
92,32,4.22,4,0.75
569,20,68.86,4,0.93
868,56,5.65,6,0.57
606,92,59.33,9,0.95
521,98,19.84,6,0.63
993,100,80.95,10,0.1
861,14,37.77,10,0.38
221,57,22.91,5,0.47
703,62,40.39,5,0.16
362,68,55.64,7,0.96
898,60,27.96,2,0.66
97,26,1.72,10,0.29
544,49,54.24,1,0.13
672,11,62.78,2,0.91
675,46,14.76,2,0.24
33,9,33.65,7,0.99
765,93,46.56,7,0.72
91,55,11.97,3,0.47
392,81,91.88,7,0.04
510,19,63.41,7,0.75
169,18,28.4,1,0.38
695,31,85.68,4,0.31
23,43,37.46,1,0.44
728,94,19.38,9,0.64
370,39,92.05,7,0.92
181,100,67.04,9,0.32
455,75,87.42,9,0.48
707,21,31.3,8,0.01
834,22,40.5,7,0.68
699,22,15.17,3,0.48
437,83,62.01,8,0.43
692,57,43.35,6,0.02
866,89,12.55,7,0.98
364,9,17.78,1,0.47
199,50,73.8,4,0.1
300,95,64.34,7,0.73
387,64,59.36,9,0.25
830,62,27.66,1,0.58
682,81,15.17,7,0.16
166,87,87.1,9,0.56
22,8,77.47,9,0.09
303,30,23.08,2,0.14
107,72,27.49,7,0.22
813,74,58.33,9,0.65
451,94,84.34,4,0.37
842,20,65.44,1,0.17
316,27,92.53,1,0.35
597,34,22.24,10,0.56
274,61,67.22,6,0.32
962,42,87.2,7,0
771,90,15.05,6,0.65
201,72,28.62,5,0.35
991,8,44.21,2,0.21
696,27,59.05,4,0.59
64,13,49.28,4,0.26
455,42,9.08,8,0.32
743,44,67.52,2,0.37
835,32,76.94,4,0.82
37,95,79.05,7,0.67
34,76,42.13,5,0.14
783,96,35.71,2,0.24
678,74,95.86,3,0.92
19,12,6,9,0.69
693,23,7.64,10,0.04
732,4,79.63,7,0.85
487,78,11.51,2,0.51
333,53,38.4,7,0.84
589,56,60.54,7,0.6
189,38,46.6,4,0.14
190,3,88.04,6,0.62
598,63,72.31,3,0.7
561,6,54.97,9,0.35
644,61,20.2,4,0.8
730,61,22.27,7,0.88
922,86,20.07,5,0.98
143,8,28.99,4,0.37
725,95,69.52,8,0.09
955,33,33.63,10,0.26
656,35,2.02,2,0.41
236,74,53.35,7,0.27
620,36,42.59,6,0.79
723,52,30.08,9,0.97
851,34,77.87,5,0.94
286,11,66.39,9,0.54
350,65,24.06,8,0.72
237,48,57.82,8,0.9
163,36,20.89,9,0.08
983,34,64.11,3,0.16
197,20,65.47,7,0.25
455,67,83.65,2,0.17
228,94,24.31,9,0.45
208,51,37.87,7,0.19
851,9,70.95,2,0.84
129,38,26.98,1,0.36
106,100,1.12,1,0.42
660,16,23.22,2,0.89
666,14,94.04,7,0.07
69,9,91.42,10,0.01
936,20,66.8,8,0.72
325,2,39.85,6,0.57
256,21,59.93,1,0.22
333,21,50.61,9,0.17
976,78,12.99,3,0.7
651,44,58.22,1,0.61
686,53,68.83,3,0.25
826,5,84.24,8,0.08
373,40,79.15,3,0.15
932,24,91.29,10,0.47
693,21,61.59,10,0.38
310,31,43.52,10,0.71
137,58,63.33,9,0.14
845,95,1.52,5,0.53
55,2,23.32,6,0.57
669,57,34.88,2,0.58
125,32,63.98,10,0.92
60,90,67.1,1,0.74
989,13,73.35,4,0.27
465,79,41.66,5,0.32
66,33,84.81,5,0.39
644,78,9.54,6,0.93
150,59,85.67,10,0.51
509,79,58.04,6,0.74
442,32,8.07,4,0.78
583,63,57.18,5,0.29
598,22,15.18,8,0.5
174,69,92.36,10,0.56
439,68,99.4,3,0.22
748,72,43.14,10,0.29
916,40,27.82,6,0.97
746,98,15.64,8,0.55
498,93,23.8,2,0.72
603,82,16.78,4,0.61
991,51,90.03,9,0.66
476,82,58.32,2,0.28
46,59,1.32,7,0.55
72,93,61.1,4,0.96
997,30,80.88,10,0.06
177,2,93.97,6,0.62
487,100,42.6,9,0.49
322,28,21.67,1,0.74
532,78,82.67,10,0.86
239,77,94.05,2,0.75
71,11,1.89,10,0.92
70,44,15.29,10,0.5
476,92,15.63,5,0.52
547,14,68.64,7,0.62
81,52,41.27,4,0.4
627,56,31.48,6,0.41
170,73,3.23,5,0.65
283,22,77.62,10,0.14
866,51,74,7,0.7
778,72,71.27,2,0.97
410,66,2.19,1,0.61
911,77,69.71,9,0.65
614,23,75.67,7,0.47
315,93,26.26,8,0.71
984,40,95.08,9,0.25
483,78,20.41,1,0.21
556,56,34.66,5,0.69
906,18,82.75,3,0.47
874,75,25.27,3,0.14
119,23,35.22,9,0.56
168,91,60.22,2,0.19
398,95,93.21,5,0.91
227,80,98.02,5,0.37
795,16,15.45,4,0.15
529,26,44.4,2,0.49
225,47,5.71,7,0.33
572,58,7.29,9,0.18
453,95,11.43,5,0.08
711,36,52.6,4,0.35
456,48,42.86,2,0.07
870,94,75.14,8,0.43
918,7,82.36,5,0.59
750,66,97.56,5,0.58
496,49,17.18,1,0.54
811,13,72.92,5,0.77
216,52,90.5,7,0.79
34,26,1.76,3,0.86
478,65,62.91,6,0.71
292,75,39.22,1,0.65
450,27,52.92,10,0.78
465,3,20.88,4,0.39
451,89,42.41,10,0.76
436,7,69.92,10,0.78
792,18,89.67,5,0.12
881,12,27.82,5,0.6
929,89,13.81,8,0.01
505,73,37,6,0.09
242,96,66.72,9,0.47
784,82,87.43,6,0.21
157,13,92.09,8,0.27
891,53,83.45,3,0.5
908,1,46.43,6,0.25
926,87,6.64,7,0.43
121,87,83.34,5,0.7
246,28,77.47,6,0.96
289,31,28.18,2,0.42
721,57,11.85,6,0.12
923,20,41.45,9,0.98
426,19,94.24,9,0.23
818,43,87.93,4,0.55
445,48,42.45,3,0.03
88,89,82.36,5,0.99
540,49,67.48,8,0.93
886,54,33.48,2,0.91
55,30,93.82,6,0.84
958,61,53.17,7,0.91
182,68,56.32,8,0.16
312,37,60.82,9,0.34
576,15,28.74,2,0.62
51,70,12.43,4,0.97
975,3,36.52,7,0.66
692,27,82.36,7,0.29
197,65,35.34,6,0.51
956,32,23.59,1,0.67
620,45,33.9,5,0.38
643,85,16.27,1,0.32
887,26,8.88,3,0.81
846,29,18.62,4,0.47
468,20,7.88,10,0.31
813,23,4.09,4,0.43
225,51,19.15,6,0.64
495,11,31.06,8,0.79
704,6,61.38,6,0.77
87,66,48.19,3,0.47
119,21,36.23,6,0.82
455,49,54.39,9,0.8
639,39,62.85,9,0.39
101,39,6.79,5,0.04
226,48,20.12,3,0.22
123,99,34.6,10,0.17
122,29,54.16,8,0.3
376,14,74.75,2,0.9
563,23,54.86,10,0.81
803,21,50.26,7,0.07
937,81,12.38,2,0.02
165,90,84.15,2,0.57
89,94,66.07,7,0.84
453,73,36.83,1,0.32
685,35,11.58,6,0.99
952,17,12.04,1,0.18
86,87,54.25,7,0.68
379,88,42.03,6,0.47
41,26,39.66,8,0.93
207,35,32.11,1,0.6
87,100,10.64,9,0.37
380,83,84.04,2,0.56
581,75,35.8,2,0.45
258,82,93.5,4,0.65
159,52,73.52,1,0.98
149,84,30.22,1,0.26
865,56,62.21,2,0.8
626,3,10.47,9,0.18
284,37,66.98,9,0.13
24,64,28.86,5,0.44
787,20,89.36,7,0.8
832,3,26.01,4,0.99
163,71,15.67,4,0.64
151,12,94.53,9,0.9
724,68,83.35,7,0.63
497,41,27.54,1,0.11
410,37,51.67,4,0.11
560,73,8.64,7,0.16
310,21,53.52,4,0.88
673,52,93.07,10,0.21
819,9,47.62,3,0.59
31,53,33.08,4,0.91
253,47,62.93,4,0.94
286,31,15.99,7,0.46
56,79,13.49,3,0.13
261,41,14.15,5,0.76
346,88,59.03,5,0.9
152,52,44.36,5,0.8
990,55,42.38,3,0.28
175,82,41.16,2,0.79
963,60,32.02,4,0.85
588,16,75.43,9,0.68
646,66,49.91,1,0.67
819,12,65.96,6,0.56
427,98,13.67,5,0.42
459,3,66.54,1,0.95
795,58,51.64,2,0.77
942,33,44.25,4,0.68
833,72,21.34,3,0.35
541,26,79.46,5,0.87
455,99,70.87,6,0.95
906,53,42.36,3,0.69
111,9,49.1,9,0.69
609,73,52.01,8,0.73
860,74,84.52,7,0.76
105,38,29.78,8,0.7
463,57,58.53,8,0.05
337,91,12.46,5,0.56
201,81,68.43,7,0.92
207,15,28.93,1,0.11
650,58,57.71,10,0.81
667,72,41.91,3,0.15
232,7,69.58,2,0.63
852,82,63.02,3,0.52
295,11,34.72,9,0.67
115,66,66.45,3,0.21
765,7,38.21,1,0.96
112,78,54.73,4,0.92
808,83,29.82,7,0.66
431,20,89.12,8,0.51
877,28,82.48,9,0.71
568,29,19.32,8,0.67
17,59,97.15,5,0.54
465,26,60.89,8,0.29
97,93,41.43,2,0.07
905,40,99.73,4,0.14
518,70,58.56,3,0.54
167,4,69.34,6,0.45
720,75,72.9,5,0.44
688,8,33.39,5,0.49
930,26,14.64,1,0.9
616,48,34.23,4,0.39
89,74,65.34,4,0.2
965,27,11.77,1,0.95
170,77,61.68,4,0.43
773,44,63.63,2,0.57
974,20,2.43,1,0.16
379,97,12.99,1,0.99
873,69,66.67,3,0.67
836,80,36.03,1,0.9
50,100,62.77,2,0.45
908,5,95.67,1,0.02
671,70,34.65,5,0.93
217,75,20.33,8,0.94
711,22,27.88,9,0.78
455,31,37.25,8,0.51
409,37,97.91,7,0.71
368,81,68.66,10,0.46
238,97,24.38,7,0.96
639,60,45.63,9,0.2
130,69,25.82,9,0.95
278,23,52.55,9,0.41
240,53,89.46,2,0.07
143,16,43.85,8,0.85
269,40,16.94,4,0.14
170,17,28.88,9,0.91
676,52,75.47,8,0.28
341,93,38.18,3,0.09
82,76,91.71,8,0.84
232,47,72.96,8,0.77
942,30,72.57,6,0.18
924,14,97.44,8,0.86
28,25,33.63,8,0.3
968,52,83.93,7,0.61
863,53,47.13,2,0.92
13,11,99.08,8,0.41
590,81,87.84,5,0.38
140,60,9.8,8,0.28
487,33,27.21,5,0.91
323,68,14.4,10,0.68
720,63,85.69,10,0.46
865,29,95.28,10,0.04
117,26,56.86,9,0.28
899,74,34.94,7,0.89
439,17,91.18,9,0.06
56,66,45.96,4,0.85
737,100,97.59,3,0.92
669,31,29.46,10,0.5
828,90,80.48,7,0.86
763,39,49.53,2,0.63
592,18,50.78,8,0.89
993,49,45.62,5,0.81
595,23,11.6,5,0.96
770,54,76.54,2,0.44
442,69,45.58,5,0.72
27,65,35.23,6,0.06
243,90,75.91,2,0.37
724,36,93.41,5,0.44
783,63,23.05,9,0.25
318,79,38,9,0.56
942,70,70.4,4,0.57
301,77,57.3,5,0.96
632,63,52.26,5,0.24
223,57,22.46,5,0.83
937,100,64.71,7,0.76
590,80,11.79,5,0.38
300,3,80.33,6,0.84
854,50,66.53,7,0.28
953,92,21.95,10,0.03
683,4,7.33,4,0.66
728,21,95.19,8,0.96
587,74,25.99,1,0.86
525,27,11.52,4,0.15
861,20,70.27,8,0.97
347,6,52.4,5,0.89
997,24,46.6,10,0.75
780,87,79.6,7,0.04
891,99,19.71,5,0.8
527,60,11.05,2,0.53
890,74,63.59,7,0.94
341,81,28.9,7,0.83
675,77,31.47,6,0.49
258,52,47.18,9,0.25
404,31,80.42,2,0.94
948,35,2.79,6,0.53
852,35,48.62,1,0.68
785,80,54.33,4,0.92
82,68,7.32,1,0.18
413,64,97.99,5,0.26
906,47,20.29,5,0.48
88,20,43.42,8,0.41
869,66,87.17,1,0.51
782,24,71.67,4,0.14
875,96,57.04,3,0.18
567,43,32.38,6,0.34
288,71,61.18,1,0.21
961,84,79.89,5,0.12
446,19,7.53,9,0.25
273,85,58.54,6,0.97
987,42,99.27,6,0.93
777,48,78.25,10,0.41
927,57,40.28,1,0.16
651,86,35.68,10,0.21
491,9,97.7,7,0.16
236,20,6.88,5,0.98
353,99,79.4,4,0.82
641,95,66.58,4,0.33
316,53,9.03,6,0.64
363,30,60.05,6,0.74
335,97,70.59,9,0.51
223,79,96.03,6,0.99
147,91,31.3,9,0.02
788,9,75.13,3,0.21
426,83,47.2,7,0.85
947,76,26.19,8,0.05
625,14,21.83,1,0.05
806,17,71.02,6,0.28
860,98,42.91,5,0.57
346,29,86.66,9,0.82
199,69,52,9,0.25
985,76,30.23,1,0.13
365,89,52.96,10,0.94
294,71,35.11,6,0.63
197,46,23.04,8,0.02
641,35,53.96,6,0.59
898,44,79.22,10,0.31
717,23,65.48,3,0.59
552,52,50.08,5,0.41
652,33,89.44,1,0.22
738,48,42.07,3,0.87
365,87,80.56,1,0.99
591,17,7.35,3,0.23
944,59,19.8,9,0.56
149,69,49.92,3,0.19
514,91,67.8,7,0.96
266,6,21.37,3,0.73
555,37,60.78,4,0.2
527,69,6.45,7,0.71
363,10,61.65,7,0.11
129,63,22.8,3,0.56
749,93,70.37,6,0.48
761,53,36.18,7,0.53
342,34,87.75,4,0.74
466,100,26.56,3,0.05
791,84,15.3,7,0.43
973,31,7.65,7,0.57
933,13,57.27,3,0.8
594,80,60.76,10,0.17
996,45,43.19,5,0.54
639,87,37.23,1,0.85
577,89,77.18,4,0.38
431,70,70.23,4,0.79
134,47,3.83,6,0.01
600,89,49.93,7,0.76
836,11,93.45,3,0.99
910,99,7.56,1,0.12
477,52,50.93,5,0.79
434,87,20.11,7,0.59
285,24,87.11,3,0.17
644,73,55.68,8,0.85
233,39,2.42,9,0.37
64,85,56.42,9,0.35
756,91,42.77,10,0.54
44,1,87.59,4,0.9
355,21,48.76,1,0.4
542,99,40.18,8,0.14
25,56,85.25,1,0.64
301,64,98.3,4,0.69
783,99,15.83,8,0.36
64,24,51.31,3,0.42
831,27,36.27,4,0.23
808,10,86.4,4,0.43
611,72,49.44,3,0.13
872,90,57.98,4,0.14
667,37,35.17,6,0.62
766,38,66.03,7,0.75
720,26,62.41,5,0.25
977,79,72.22,1,0.43
366,66,75.53,2,0.02
213,27,67.78,5,0.55
20,72,75.25,7,0.32
597,47,74.39,2,0.06
652,80,19.64,7,0.45
324,90,3.58,4,0.28
605,45,79.85,2,0.84
583,76,10.55,2,0.86
149,44,39.09,1,0.65
839,29,90.26,1,0.56
957,88,36.4,1,0.86
628,16,99.08,9,0.27
987,49,50.83,5,0.7
975,56,96.6,7,0.34
712,12,16.92,10,0.37
170,31,19.55,10,0.86
835,17,2.65,6,0.45
313,19,99.25,10,1
665,28,61.44,4,0.44
81,68,23.37,5,0.62
262,97,53.69,8,0.37
954,62,23.23,7,0.74
59,45,59.65,2,0.23
299,11,36.13,10,0.02
76,33,72.43,2,0.65
443,59,11.42,3,0.96
274,29,69.88,8,0.67
724,66,24.49,1,0.13
208,13,28.7,1,0.93
528,25,68.44,5,0.55
145,65,58.45,4,0.56
175,91,19.31,9,0.95
59,56,7.05,1,0.2
94,92,19.95,6,0.89
675,12,72.43,2,0.94
737,5,83.67,4,0.29
525,91,40.65,8,0.99
845,46,4.06,7,0.82
680,72,51.95,7,1
977,48,11.18,2,0.41
908,55,24.91,10,0.69
712,37,75.6,4,0.54
388,90,54.1,9,0.18
375,10,3.27,2,0.7
498,14,92.47,5,0.1
558,64,51.97,8,0.68
799,61,54.63,7,0.65
184,75,59.57,9,0.14
516,83,18.61,6,0.04
683,71,49.2,6,0.83
126,29,10.61,5,0.29
215,22,29.68,2,0.67
980,44,70.9,7,0.71
382,31,31.14,4,0.73
969,15,92.24,3,0.57
92,1,82.76,8,0.92
848,67,33.33,6,0.53
567,26,79.52,8,0.09
519,50,11.25,3,0.95
244,84,66.74,4,0.23
558,95,7.99,4,0.09
817,87,16.18,2,0.83
111,59,64.26,4,0.49
816,15,70.97,4,0.9
59,91,64.19,5,0.58
359,97,44.62,8,0.02
592,80,73.51,9,0.94
922,79,36.91,1,1
491,8,94.85,2,0.46
120,60,95.78,3,0.8
559,3,71.19,3,0.45
120,100,39.62,2,0.14
532,43,84.12,8,0.4
100,38,35.21,2,0.67
675,45,69.18,2,0.32
390,11,17.61,7,0.74
117,88,55.78,4,0.06
178,5,93.06,2,0
568,72,64.99,1,0.53
424,78,49.29,3,0.32
652,88,1.68,8,0.82
739,93,44.97,1,0.89
456,14,5.27,10,0.06
52,39,50.39,7,0.05
581,97,73.03,9,0.04
808,18,5.39,4,0.26
241,17,98.65,9,0.89
77,4,13.61,4,0.19
920,100,22,4,0.18
950,81,23.37,8,0.46
423,55,90.38,10,0.83
143,13,51.32,9,0.53
109,97,80.28,2,0.43
627,30,71.06,2,0.24
491,13,82.96,4,0.74
982,1,23.47,1,0.91
438,93,64.48,9,0.44
234,72,2.12,6,0.19
693,60,88.95,3,0.92
263,34,49.36,6,0.27
544,66,44.91,1,0.26
857,38,33.65,6,0.93
379,60,50.42,2,0.94
290,2,39.83,6,0.05
130,19,39.44,7,0.07
616,39,1.37,7,0.47
777,46,18.12,1,0.56
926,59,14.75,4,0.98
628,15,16.4,1,0.85
606,84,29.07,1,0.13
514,86,9.33,3,0.7
11,58,90.52,4,0.15
938,4,56.07,9,0.12
437,76,62.09,1,0.57
984,5,28.88,4,0.32
191,66,6.23,9,0.84
761,21,72.05,8,0.35
606,55,83.27,8,0.24
40,51,56.82,5,0.15
43,49,72.29,1,0.55
37,7,69.07,3,0.02
164,93,46.15,7,0.77
166,30,92.04,2,0.39
841,66,83.4,9,0.2
608,85,25.46,3,0.85
615,76,36.58,4,0.61
852,22,44.7,9,0.31
149,6,4.39,4,0.78
874,43,28.73,6,0.86
183,52,73.07,7,0.81
434,67,62.84,4,0.93
552,25,39.47,1,0.01
840,43,99.27,4,0.24
290,64,67.14,5,0.97
232,92,29.59,4,0.98
123,26,90.72,1,0.91
277,47,51.1,5,0.95
583,2,24.08,2,0.22
194,72,66.69,4,0.29
377,12,79.07,6,0.98
536,32,97.44,8,0.9
660,32,85.62,7,0.07
644,78,76.54,3,0.21
206,56,23.77,5,0.45
522,46,58.78,6,0.84
977,100,65.41,1,0.3
60,32,6.76,3,0.77
371,41,89.81,6,0.13
42,39,47.85,9,0.04
547,44,90.1,4,0.13
362,91,59.94,9,0.77
522,8,20.67,8,0.53
204,17,75.81,10,0.23
620,95,52.27,5,0.63
609,98,69.08,4,0.96
813,54,98.55,8,0.93
7,5,50.03,4,0.46
484,47,18.35,8,0.1
398,40,53.55,9,0.98
479,60,95.23,6,0.79
420,39,72.29,1,0.27
582,29,95.16,2,0.85
80,98,25.21,9,0.19
390,43,17.09,10,0.89
135,27,43.77,8,0.72
464,63,63.68,7,0.13
366,6,53.77,4,0.61
87,82,52.87,8,0.85
977,42,17.44,5,0.34
548,69,63.9,5,0.94
812,81,57.28,7,0.56
764,4,16.5,2,0.87
172,80,1.7,8,0.7
857,8,66.63,6,0.22
602,66,81.71,6,0.43
423,22,77.36,6,0.6
890,39,19.44,3,0.02
200,33,61.22,4,0.38
906,77,29.05,3,0.12
348,82,88.1,5,0.27
623,11,78.03,9,0.62
689,68,95.88,2,0.5
784,97,95.71,8,0.92
37,59,92.79,10,0.68
589,83,38.7,5,0.17
8,93,13.29,1,0.19
971,49,53.17,10,0.52
480,30,4.43,6,0.98
70,9,26.9,1,0.87
435,59,25.68,1,0.8
11,75,42.65,1,0.38
165,8,76.7,7,0.44
468,86,76.45,10,0.12
465,53,59.99,1,0.72
761,57,93.83,8,0.29
386,44,92.71,4,0.24
109,23,9.73,9,0.55
679,93,72.29,2,0.02
190,47,14.14,7,0.13
995,81,25.64,4,0.18
613,22,39.47,7,0.44
640,19,48.33,7,0.74
879,14,72.16,7,0.55
326,70,6.07,10,0.63
282,36,34.36,6,0.94
858,82,2.76,9,0.9
866,32,32.5,7,0.38
557,56,69.09,7,0.27
636,27,42.51,2,0.28
51,3,49.22,4,0.71
525,46,47.68,9,0.36
107,15,75.83,2,0.19
351,98,27.54,10,0.58
46,30,35.72,4,0.9
822,94,37.12,9,0.4
571,55,10.51,6,0.26
671,18,60.98,4,0.13
572,76,35.36,1,0.71
498,53,51.02,6,0.01
484,20,70.16,6,0.25
141,73,60.83,1,0.85
940,50,39.12,5,0.02
691,15,98.42,8,0.65
456,53,48.38,3,0.83
115,37,15.7,7,0.67
942,31,56.27,1,0.71
672,83,33.46,5,0.67
335,5,19.3,2,0.93
295,76,47.96,8,0.79
357,55,73.15,7,0.73
445,68,31.4,4,0.03
26,57,45.4,9,0.62
213,87,3.66,2,0.8
805,52,76.29,6,0.92
558,35,83.94,6,0.72
813,100,16.49,2,0.06
609,37,64.58,5,0.16
539,78,84.2,5,0.22
18,27,39.7,9,0.65
909,20,52.15,8,0.45
894,4,75.87,5,0.17
820,11,62.55,8,0.77
437,14,40.7,8,0.72
427,16,51.27,2,0.13
439,11,96.03,10,0.27
751,73,88.03,6,0.7
13,85,56.27,2,0.21
287,38,64.43,6,0.7
597,84,78.54,5,0.22
289,42,14.08,9,0.48
909,75,72.18,7,0.97
795,24,88.2,2,0.74
878,94,21.67,4,0.53
226,84,41.69,2,0.55
601,25,30.82,2,0.86
920,86,57.59,9,0.7
140,60,88.51,10,0.08
814,26,90.61,7,0.48
587,45,94.37,2,0
353,30,6.65,2,0.63
51,30,70.21,10,0.52
685,76,89.33,6,0.09
363,5,34.33,1,0.71
153,29,38.22,1,0
996,28,40.61,4,0.93
110,68,93.67,9,0.47
244,25,8.39,8,0.14
284,94,36.43,9,0.21
649,68,63.06,10,0.15
935,51,97.43,8,0.01
605,77,9.89,10,0.93
195,30,36.74,7,0.78
150,57,74.47,9,0.95
339,2,43.77,2,0.3
201,16,49.48,9,0.94
20,84,1.28,10,0.44
11,20,59.09,8,0.3
734,46,19.11,8,0.35
542,97,39.2,3,0.57
248,27,85.24,8,0.9
697,20,17.07,3,0.38
756,86,24.74,8,0.95
236,24,38.54,8,0.69
952,53,13.76,5,0.71
530,82,61.32,4,0.2
736,84,30.54,7,0.34
307,15,26.42,7,0.67
371,91,39.1,5,0.05
810,81,9.66,3,0.9
39,13,15.05,5,0.93
565,97,97.65,8,0.89
614,58,23.07,2,0.88
372,6,22.32,2,0.25
364,17,75.21,3,0.1
536,7,43.4,8,0.4
982,85,57.06,3,0.13
357,84,89.34,8,0.97
245,3,63.87,9,0.87
8,48,1.72,4,0.32
261,29,98.25,10,0.68
200,46,28.86,2,0.01
771,24,42.85,4,0.34
296,6,88.08,10,0.35
543,6,77.1,1,0.01
279,77,56.96,3,0.42
899,14,62.55,10,0.32
983,52,22.58,8,0.5
930,9,25.07,3,0.63
565,21,67.13,5,0.48
701,7,63.67,9,0.61
115,94,4.56,5,0.65
315,68,52,2,0.53
552,30,1.66,2,0.25
932,49,58.74,8,0.88
546,81,28.45,4,0.35
745,30,89.07,2,0.8
329,93,17.13,9,0.81
717,56,41.57,2,0.51
634,75,25.67,10,0.98
41,72,72.25,2,0.66
578,35,19.56,5,0.31
288,9,81.01,1,0.73
665,87,79.01,5,0.08
631,1,73.71,6,0.84
619,47,50.2,7,0.84
632,63,29.55,1,0.21
247,9,68.22,8,0.53
968,7,81.74,2,0.84
192,24,22,10,0.13
905,66,24.15,10,0.92
789,77,85.95,7,0.07
545,73,82.75,9,0.56
36,29,78.85,8,0.89
199,36,67.81,9,0.52
535,87,76.01,10,0.16
945,3,88.67,7,0.96
225,68,2.67,9,0.48
498,61,76.21,2,0.95
11,1,88.02,8,0.36
465,95,22.55,1,0.7
131,100,1.2,6,0.59
864,95,71.69,7,0.65
88,98,47.29,2,0.11
435,86,61.04,3,0.23
363,70,64.06,7,0.02
554,60,53.44,1,0.97
536,33,83.05,8,1
409,45,62.04,10,0.15
286,38,13.88,2,0.22
873,45,29.53,7,0.6
998,65,77.5,4,0.04
178,42,19.66,8,1
966,69,57.89,6,0.83
465,44,37.24,1,0.08
578,38,68.2,8,0.79
320,1,63.35,2,0.27
872,48,97.43,1,0.21
993,22,19.14,9,0.73
339,34,75.02,1,0.39
172,86,57.54,9,0.81
292,15,27.51,7,0.13
275,8,7.12,8,0.65
82,2,26.24,3,0.6
563,23,14.97,5,0.3
162,96,52.88,2,0.99
720,24,30.76,3,0.07
170,23,46.73,2,0.41
834,26,52.02,1,0.72
360,92,85.64,4,0.62
567,37,73.78,7,0.08
412,27,32.64,6,0.52
934,75,18.01,10,0.07
164,45,84.66,5,0.07
265,92,65.29,5,0.31
92,61,4.05,5,0.17
3,69,80.56,5,0.86
646,58,84.83,3,0.41
42,1,85.68,4,0.18
176,25,13.73,1,0.66
526,72,82.64,6,0.47
190,5,60.58,3,0.74
460,85,69.69,9,0.25
147,87,64.61,2,0.36
491,88,32.91,1,0.45
86,19,86.36,1,0.5
595,58,93.78,3,0.28
731,4,16.52,10,0.98
647,53,9.03,4,0.29
163,30,15.86,8,0.09
802,34,19.83,7,0.76
848,81,50.8,8,0.36
930,25,50.25,6,0.24
364,22,36.88,2,0.58
648,8,83.23,10,0.35
946,53,55.22,3,0.24
869,78,62.54,8,0.72
366,48,24.21,9,0.7
665,11,4.72,1,0.22
341,4,9.51,6,0.44
503,44,90.7,2,0.71
684,34,16.75,1,0.71
594,40,83.44,10,0.63
42,11,48.57,9,0.58
958,21,13.54,5,0.34
62,66,41.9,9,0.53
55,79,56.74,5,0.92
425,32,8.43,8,0.06
632,21,33.18,7,0.14
540,75,16.23,4,0.04
560,25,73.43,8,0.6
228,77,71.09,3,0.56
478,10,17.28,3,0.66
42,24,38.89,2,0.35
535,38,94.83,1,0.55
374,36,38.35,10,0.89
722,81,2.98,5,0.96
769,26,91.69,4,0.7
879,73,13.62,3,0.37
920,80,22.45,9,0.68
64,42,27.29,4,0.39
32,89,89.11,10,0.03
465,12,40.34,1,0.93
109,7,50.16,6,0.36
921,87,77.8,5,0.14
989,41,59.93,2,0.11
500,83,12.58,3,0.06
41,6,28.31,8,0.99
827,27,10.07,2,0.43
698,86,86.79,3,0.29
989,9,15.92,7,0.75
358,84,55.03,1,0.25
562,3,12.05,2,0.88
851,69,47.49,1,0.94
992,1,47.04,1,0.06
681,81,12.22,2,0.48
119,55,38.17,5,0.63
231,49,33.15,2,0.62
576,40,54.43,5,0.29
602,51,62.65,7,0.57
215,3,17.84,1,0.97
718,39,92.87,4,0.83
806,65,7.98,9,0.95
185,6,80.77,10,0.25
691,24,21.3,4,0.83
886,73,3.05,5,0.56
24,54,11.93,5,0.55
978,95,46.13,4,0.71
935,32,97.67,4,0.94
566,81,36.14,5,0.78
368,52,42.47,9,0.52
479,70,52.14,8,0.9
657,11,67.57,6,0.8
738,70,96.63,10,0.09
788,80,92.83,7,0.29
937,49,10.28,7,0.86
431,1,35.17,4,0.19
88,3,76.75,4,0.37
99,60,17.76,4,0.1
31,73,31.01,9,0.32
7,18,30.67,6,0.74
420,55,5.56,10,0.09
258,76,49.69,3,0.47
494,55,75.47,8,0.18
824,6,30.84,10,0.87
791,97,80.14,6,0.18
607,24,48.07,7,0.64
906,18,96.77,3,0.02
852,87,86.22,5,0.58
382,12,14.42,1,0.02
524,22,89.3,1,0.79
75,97,86.5,7,0.55
957,50,7.45,7,0.15
833,99,36.9,1,0.56
298,19,74.98,2,0.25
797,32,29.05,3,0.15
973,19,33.52,2,0.74
970,70,28.33,2,0.16
164,6,16.48,9,0.7
665,14,2.45,4,0.78
683,29,62.9,6,0.98
704,14,39.19,5,0.82
729,77,1.54,3,0.97
788,52,46.44,2,0.26
555,2,41.13,9,0.01
945,7,41.64,4,0.27
53,8,84.36,3,0.28
133,75,99.84,6,0.86
597,1,63.69,7,0.4
383,26,92.64,8,0.67
591,19,54.9,9,0.06
277,22,54.68,9,0.28
888,10,76.02,8,0.11
234,35,67.35,1,0.68
581,88,44.3,9,0.19
160,9,55.62,2,0.43
380,55,64.82,8,0.51
947,70,29.97,1,0.6
29,21,69.16,10,0.41
992,21,73.19,2,0.95
879,38,86.72,3,0.21
658,74,48.6,3,0.8
160,77,90.98,7,0.7
19,49,25.1,8,0.42
424,45,28.55,9,0.77
178,32,41.91,9,0.52
961,62,72.05,8,0.94
170,33,67.69,3,0.15
945,53,91.64,5,0.24
476,86,28.33,5,0.13
592,60,86.2,10,0.85
252,100,26.56,6,0.5
242,47,46.67,10,0.74
568,57,96.12,5,0.57
435,43,73.26,1,0.06
113,42,59.92,1,0.05
56,27,34.96,9,0.03
225,31,89.62,8,0.29
597,6,20.62,6,0.99
621,23,21.92,5,0.35
767,94,27.11,6,0.49
418,6,56.87,7,0.8
114,65,87.28,5,0.58
244,68,72.8,9,0.05
103,78,59.1,8,0.73
704,4,29.9,5,0.36
492,2,88.28,3,0.9
439,40,3.12,10,1
324,6,1.43,7,0.52
698,42,21.63,2,0.09
851,55,61.42,10,0.84
489,28,77.15,4,0.86
581,48,61.86,5,0.63
321,42,44.48,1,0.02
272,69,82.38,7,0.5
492,96,47.36,6,0.2
697,32,69.1,5,0.72
508,11,62.81,10,0.76
724,98,84.06,6,0.05
112,63,28.59,1,0.97
194,4,78.81,6,0.18
480,5,51.43,1,0.6
199,17,77.21,8,0.31
953,55,97.02,8,0.94
792,17,28.49,2,0.25
972,88,45.61,5,0.24
744,83,39.48,7,0.69
23,61,95.52,2,0.74
571,33,49.74,4,0.02
106,52,78.03,1,0.98
833,42,60.09,2,0.62
398,84,39.66,4,0.05
119,29,73.53,7,0.73
129,36,59.74,5,0.46
82,32,81.79,6,0.77
51,89,63.3,1,0.12
747,1,39.1,8,0.03
54,79,3.23,10,0.95
969,92,83.43,1,0.3
894,23,99.19,2,0.73
311,93,86.58,4,0.32
164,76,5.6,10,0.54
422,56,54.13,8,0.69
787,55,95.47,3,0.13
302,76,15.64,3,0.45
754,57,86.04,8,0.22
803,65,76.3,5,0
722,93,52.03,2,0.57
618,22,58.95,4,0.6
808,1,67.34,8,0.4
474,25,37.79,3,0.15
283,85,34.15,6,0.7
857,89,39.43,10,0.05
894,54,52.2,3,0.34
462,7,65.58,8,0.66
868,23,84.05,7,0.91
757,83,86.39,8,0.57
775,56,97.86,5,0.8
669,92,25.09,9,0.18
715,79,52.33,6,0.83
78,16,4.1,7,0.74
999,49,42.78,5,0.84
593,65,67.14,6,0.92
486,63,69.53,10,0.19
773,97,51.94,4,0.27
717,86,34.8,9,0.62
19,34,61.72,9,0.17
514,90,96.49,4,0.35
474,14,39.36,4,0.78
612,23,55.31,9,0.22
53,1,39.53,5,0.52
273,59,24.67,1,0.24
999,13,78.39,10,0.39
183,21,69.98,3,0.03
971,45,89.8,1,0.84
277,57,40.99,2,0.24
638,14,29.4,1,0.84
421,29,34.75,8,0.96
736,92,89.4,7,0.93
274,45,14.19,1,0.21
627,18,75.7,4,0.75
110,58,68.29,2,0.1
70,28,14.95,6,0.92
461,89,91.55,2,0.21
424,68,20.26,10,0.66
444,87,35.01,8,0.27
227,69,60,10,0.49
819,95,77.03,7,0.66
712,20,1.64,7,0.63
376,76,92.69,8,0.18
316,92,95.42,9,0.62
258,22,3.75,9,0.22
743,57,46.59,1,0.67
609,51,47.52,3,0.62
479,68,72.06,8,0.82
135,41,99.62,2,0.46
197,86,36.64,1,0.72
718,66,6.93,2,0.23
777,18,68.18,6,0.37
20,57,55.79,2,0.39
7,18,5.05,8,0.11
968,97,61.28,10,0.8
462,2,46.35,9,0.47
112,58,8.04,3,0.33
751,77,4.13,2,0.03
828,76,83.81,9,0.22
558,35,2.24,5,0.09
951,52,17.3,5,0.25
6,42,59.12,4,0.33
274,74,50.97,9,0.78
894,35,11.37,2,0.27
582,11,5.59,10,0.63
606,9,24.96,5,0.43
467,24,27.62,3,0.4
251,43,35.78,10,0.87
250,93,82.15,9,0.66
798,96,72.22,8,0.23
399,11,68.94,1,0.42
710,24,33.17,7,0.69
488,97,98.91,10,0.78
196,34,20.28,5,0.05
491,84,97.26,2,0.27
237,17,29.71,2,0.15
511,26,15.94,1,0.17
54,88,34.64,5,0.04
639,53,56.71,2,0.21
298,1,68.94,4,0.97
10,37,30.76,9,0.13
593,80,20.56,1,0.49
342,42,85.99,5,0.03
788,6,76.61,8,0.55
45,84,62.31,3,0.07
510,20,8.32,4,0.56
548,39,26.38,6,0.03
287,10,89.01,5,0.67
659,74,44.32,5,0.53
252,34,95.54,8,0.22
629,64,2.91,3,0.92
641,33,2.76,7,0.8
237,87,67.07,8,0.08
408,74,49.18,8,0.99
319,3,87.29,6,0.98
31,92,60.28,7,0.5
297,45,92.14,1,0.41
799,14,98.94,2,0.21
302,6,39.89,10,0.38
881,15,25.66,7,0.16
500,82,26.25,2,0.98
600,42,16.81,10,0.53
166,29,20.94,5,1
34,45,6.25,3,0.82
46,62,68.66,8,0.25
278,26,42.15,4,0.8
494,75,66.75,6,0.32
803,80,39.08,3,0.89
381,56,51.22,2,0.87
998,42,38.16,9,0.18
966,87,94.27,9,0.77
349,46,39.06,8,0.77
332,44,86.18,10,0.99
934,79,61.84,1,0.96
291,54,21.33,8,0.11
15,25,9.33,2,0.62
288,39,85.94,2,0.66
346,74,25.4,3,0.2
119,7,16.51,8,0.86
416,93,96.48,4,0.02
183,56,95.86,3,0.13
411,15,58.05,4,0.44
399,51,78.71,8,0.1
405,13,59.38,8,0.68
444,23,81.34,10,0.28
853,23,96.59,6,0.82
623,33,31.37,1,0.76
34,90,35.45,7,0.65
306,16,78.91,8,0.19
218,83,97.23,4,0.17
822,16,33.13,5,0.37
686,52,84.65,8,0.53
918,67,75.94,5,0.65
124,31,72.93,5,0.91
180,15,93.74,4,0.46
613,56,80.05,9,0.46
687,78,3.84,8,0.82
823,13,40.17,2,0.65
14,52,79.36,3,0.67
894,44,89.4,4,0.78
532,12,1.09,3,0.18
898,32,52.74,2,0.87
400,42,79.93,3,0.29
691,65,65.24,2,0.9
894,86,51.93,2,0.75
710,59,57.5,2,0.57
840,46,70.36,7,0.53
221,16,54.38,6,0.97
571,98,89.54,10,0.48
306,70,18.47,1,0.36
775,28,95.3,5,0.07
523,23,22.54,1,0.36
852,27,74.54,8,0.75
259,75,4.18,7,0.68
689,85,5.07,7,0.73
164,26,95.05,3,0.65
444,87,18.01,3,0.8
112,26,23.3,5,0.68
140,90,5.2,10,0.68
51,69,58.86,9,0.15
558,53,90.25,5,0.1
348,58,85.41,8,0.72
122,8,84.97,1,0.26
120,33,37.29,2,0.91
720,88,12.96,9,0.42
39,17,35.79,6,0.21
692,84,94.22,9,0.71
41,11,69.69,5,0.22
60,28,22.84,6,0.65
374,48,46.8,3,0.64
732,94,36.09,4,0.36
284,90,3.88,3,0.99
644,4,83.12,10,0.52
760,1,98.46,8,0.57
581,37,70.73,2,0.64
637,13,43.98,6,0.84
261,5,71.29,5,0.38
778,19,15.82,1,0.44
575,52,44.15,9,0.6
533,100,15.33,5,0.8
691,65,49.61,4,0.49
994,57,40.8,2,0.91
535,71,23.1,6,0.55
596,16,39.61,10,0.76
889,46,69.85,1,0.57
790,89,41.96,3,0.75
506,85,3.76,6,0.36
463,74,68.05,10,0.58
330,62,62.21,2,0.45
597,51,70.59,10,0.25
294,84,59.33,6,0.57
817,34,4.01,6,0.72
451,56,64.09,3,0.79
329,69,27.86,10,0
524,56,87.08,6,0.27
533,11,84.46,4,0.89
471,91,91.07,4,0.61
303,74,27.09,10,0.99
78,49,13.21,8,0.7
464,33,42.42,9,0.58
506,78,36.42,7,0.13
257,13,20.06,7,0.53
496,25,13.26,9,0.57
954,56,79.43,7,0.94
625,55,19.02,5,0.54
910,1,85.8,5,0.02
262,79,63.2,4,0.65
651,8,83.82,10,0.31
962,99,89.23,3,0.05
838,94,68.73,3,0.33
930,73,22.05,5,0.83
224,56,36.12,6,0.3
459,73,98.09,10,0.21
453,44,90.51,5,0.96
512,51,99.19,9,0.65
766,43,56.84,8,0.13
381,12,83.82,6,0.13
941,51,40.93,8,0.97
471,32,12.4,3,0.46
449,75,82.9,2,0.14
756,39,40.01,9,0.06
530,21,24.3,3,0.43
513,59,54.28,2,0.92
44,42,80.77,7,0.64
217,79,78.2,1,0.92
865,44,71.25,10,0.87
272,89,3.12,9,0.55
939,69,41.14,2,0.69
974,75,50.06,3,0.95
29,35,73.54,5,0.82
998,7,55.8,3,0.92
281,76,6.4,1,0.63
388,51,70.9,7,0.03
501,11,78.98,8,0.21
30,91,65.02,6,0.93
522,60,11.98,2,0.39
850,52,69.74,7,0.13
283,57,39,3,0.56
894,95,73.64,9,0.26
64,9,98.15,2,0.48
560,23,73.04,7,0.06
889,3,49.51,7,0.34
311,14,85.46,5,0.15
251,98,59.9,4,0.61
769,64,70.53,3,0.32
12,94,78.65,1,0.88
738,9,19.24,5,0.58
581,99,9.87,7,0.05
109,28,19.72,10,0.72
516,78,57.09,10,0.35
838,66,25.42,2,0.31
188,43,1.13,2,0.88
60,30,86.95,6,0.42
486,32,12.06,5,0.7
602,44,74.62,7,0.95
434,60,25.75,5,0.79
96,55,34.69,7,0.71
645,52,93.75,7,0.24
245,95,53.18,8,0.8
920,21,21.84,4,0.59
898,65,35.91,9,0.41
467,15,92.55,7,0.5
59,84,45.15,8,0.53
879,90,67.75,6,0.32
421,38,24.67,1,0.2
337,78,65.78,10,0.68
582,93,46.64,9,0.58
769,85,43.19,7,0.31
61,39,40.6,8,0
837,46,31.89,1,0.59
439,42,3.79,5,0.92
48,22,89.83,10,0.96
673,44,21.59,7,0.1
92,61,14.4,5,0.41
828,20,31.89,8,0.41
17,38,89.29,3,0.91
85,21,81.03,1,0.3
854,92,85.71,9,0.1
133,3,40.72,5,0.49
368,29,37.72,3,0.35
670,100,64.26,1,0.21
334,53,63.2,3,0.93
973,5,60.52,9,0.43
2,27,23.36,7,0.59
701,51,44.77,9,0.95
670,99,3.51,3,0.08
911,89,15.57,10,0.04
541,40,49.92,6,0.02
509,78,39.25,8,0.14
41,42,33.26,1,0.14
219,4,60.91,1,0.07
192,84,2.46,3,0.6
619,89,52.08,10,0.89
879,12,1.49,6,0.73
712,76,71.22,1,0.91
528,16,16.26,3,0.93
843,41,1.39,1,0.74
603,79,21.94,5,0.53
21,50,98.71,6,0.44
610,97,36.09,2,0.34
576,85,73.52,1,0.32
745,69,17.42,10,0.27
46,33,40.32,2,0.91
561,32,30.87,6,0.03
449,92,99.67,6,0.53
213,40,38.83,1,0.83
787,10,90.98,3,0.89
608,83,6.07,6,0.25
224,75,6.63,3,0.94
204,9,7.91,10,0.51
958,84,24.5,1,0.84
19,45,97.5,5,0.64
990,40,43.51,8,0.04
127,72,27.73,4,0.38
800,58,18.75,4,0.84
222,61,90.47,3,0.58
463,79,70.44,8,0.59
268,68,98.24,4,0.95
474,12,27.88,8,0.81
485,9,81.05,3,0.92
242,20,86.43,10,0.33
423,98,49.61,6,0.64
559,45,2.29,7,1
4,27,46.39,7,0.34
396,35,74.61,9,0.56
227,19,76.94,1,0.77
697,86,23.84,9,0.63
867,78,7.21,2,0.72
903,97,41.44,9,0.86
731,37,34.74,5,0.26
486,53,4.93,4,0.25
821,89,42.42,2,0.39
403,12,45.09,1,0.74
251,43,55.35,4,0.38
88,52,14.17,10,0.32
780,47,17.7,6,0.13
956,93,45.46,2,0.36
816,86,50.95,6,0.03
544,96,76.8,9,0.75
410,9,43.84,6,0.67
629,24,41.6,7,0.26
724,60,64.06,10,0.08
875,23,21.96,5,0.1
17,58,18.98,7,0.66
414,91,58.09,9,0.02
537,84,99.07,8,0.28
784,49,3.57,3,0.99
223,48,59.17,9,0.33
120,13,63.76,5,0.43
123,73,56.1,2,0.68
990,57,66.93,9,0.95
997,86,57.34,3,0.4
207,100,1.65,10,0.59
390,65,88.34,7,0.13
336,99,59.69,5,0.56
578,18,56.97,1,0.53
796,96,61.19,9,0.96
795,89,27.07,1,0.07
922,42,82.01,10,0.14
685,93,14,10,0.09
966,96,11.73,6,0.18
403,35,44.95,5,0.38
830,71,23.68,8,0.49
195,15,81.29,6,0.79
101,25,31.4,10,0.94
216,50,64.17,2,0.44
213,35,20.13,7,0.79
808,85,88.42,5,0.68
833,16,35.42,2,0.27
231,87,81.15,1,0
315,67,79.56,5,0.62
169,30,99.84,3,0.75
357,78,51.52,3,0.26
828,54,58.23,3,0.54
462,65,39.08,5,0.44
692,20,73.11,8,0.25
208,16,17.19,10,0.87
196,6,27.09,6,0.81
550,42,11.74,10,0.98
158,11,83.04,5,0.57
600,94,3.62,10,0.11
895,68,69.19,8,0.59
121,8,10.36,8,0.39
756,88,44.46,6,0.72
224,53,18.61,1,0.77
712,28,96.56,7,0.77
534,82,73.43,1,0.44
313,85,5.62,5,0.61
813,6,97.79,3,0.25
355,79,5.8,6,0.54
267,39,48.58,1,0.95
248,17,66.52,2,0.28
161,48,46.51,6,0.14
743,87,90.66,5,0.41
665,24,56.08,2,0.73
611,33,96.98,5,0.95
933,25,22.12,10,0.32
376,19,89.97,3,0
778,83,53.45,2,0.17
644,45,8.66,8,0.85
44,59,30.76,4,0.12
309,24,69.9,1,0.77
883,29,85.18,8,0.02
348,11,71.05,6,0.8
921,73,62.23,5,0.53
10,22,83.89,8,0.86
294,64,56.32,9,0.76
434,91,8.9,1,0.92
49,69,66.41,8,0.13
555,31,50.79,3,0.74
179,77,60.04,7,0.56
235,70,40.22,7,0.65
341,24,30.8,9,0.49
225,46,90.78,7,0.98
422,99,77.77,8,0.68
534,31,19.43,7,0.42
626,27,64.77,2,0.3
710,35,43.63,3,0.49
624,43,24.02,8,0.81
820,20,37.13,10,0.71
179,86,4.36,1,0.57
45,37,7.88,9,0.81
543,68,35.54,7,0.17
66,42,20.78,6,0.61
825,58,64.58,8,0.68
581,22,4.94,1,0.02
569,80,58.77,8,0.33
25,21,37.62,10,0.92
21,18,14.62,8,0.42
47,94,98.45,5,0.31
715,77,42.62,3,0.09
882,86,68.65,6,0.94
896,35,69.63,7,0.42
441,38,67.07,3,0.59
684,81,10.65,7,0.16
939,34,8.85,7,0.92
680,40,57.22,6,0.13
13,44,38.25,3,0.25
155,37,41.09,1,0.94
926,81,50.18,6,0.22
520,55,35.85,7,0.79
415,30,15.08,9,0.11
281,18,55.5,2,0.77
896,99,76.74,3,0.74
531,33,25.92,1,0.67
304,20,7.51,5,0.25
673,21,73.16,9,0.45
429,8,74.16,7,0.71
478,47,54.94,9,0.61
99,29,22.94,1,0.42
233,71,59.55,4,0.32
377,38,48.42,3,0.12
704,64,84.16,5,0.14
734,78,2.55,7,0.58
472,10,24.6,10,0.3
621,68,32.54,1,0.16
100,53,47.91,9,0.23
503,17,96.93,2,0.55
288,9,31.71,10,0.31
413,35,70.14,8,0.68
166,7,86.43,7,0.07
295,50,56.06,1,0.93
671,21,29.4,8,0.12
354,97,18.62,4,0.76
870,41,34.45,7,0.02
19,82,57.92,4,0.89
943,6,91.98,1,0.98
467,6,39.78,6,0.04
93,2,48.25,1,0.35
670,55,56.56,9,0.81
56,71,36.47,5,0.01
309,2,52.65,9,0.71
839,58,95.15,7,0.6
497,36,38.79,7,0.1
989,30,66.11,9,0.43
122,54,10.4,4,0.08
89,30,55.87,10,0.08
799,50,87.77,9,0.1
349,77,98.68,8,0.13
765,47,57.08,1,0.12
141,37,51.2,4,0.97
763,92,38.94,8,0.41
436,13,76.52,3,0.11
891,12,11.68,2,0.74
724,89,68.91,3,0.56
167,42,79.56,8,0.77
936,84,55.17,10,0.27
980,60,93.59,5,0.29
510,22,20.42,1,0.62
700,44,74.78,10,0.99
452,35,19.44,7,0.75
232,39,92.8,6,0.49
14,58,31.76,2,0.93
679,25,43.43,10,0.43
368,29,41.55,5,0.14
365,97,96.41,3,0.97
71,86,87.86,1,0.22
996,51,27.93,8,0.99
787,30,51.02,5,0.14
498,100,94.56,2,0.5
216,45,53.45,8,0.61
844,78,75.79,2,0.66
734,80,78.51,2,0.54
693,10,31.26,1,0.22
494,85,60.54,1,0.1
845,83,7.96,10,0.63
305,19,27.76,4,0.84
972,74,61.26,3,0.3
522,65,41.31,6,0.79
306,74,51.63,1,0.3
467,40,65.61,6,0.72
630,92,79.35,10,0.75
283,77,7.73,5,0.45
504,93,8.43,3,0.54
212,22,19.59,2,0.51
315,99,57.53,10,0.73
699,42,5.1,1,0.26
712,54,92.84,7,0.59
381,63,95.15,5,0.79
749,14,21.7,3,0.28
801,66,91.82,2,0.63
613,91,23.47,8,0.09
357,24,90.48,6,0.42
348,59,31.2,7,0.71
912,30,51.05,3,0.27
199,61,98.49,6,0.84
817,80,70.23,6,0.32
564,16,2.82,1,0.79
437,62,21.99,10,1
29,72,53.17,5,0.43
191,63,3.32,4,0.15
906,85,60.49,2,0.66
623,17,54.69,8,0.19
733,56,97.43,4,0.37
864,53,76.84,1,0.85
742,40,5.77,8,0.71
111,33,11.94,9,0.43
315,34,6.78,3,0.34
84,97,21.12,10,0.49
35,5,75.59,2,0.41
604,23,2.93,9,0.38
486,46,52.66,9,0.79
568,87,21.91,3,0.53
301,37,47.1,1,0.33
724,81,81.88,8,0.72
20,6,2.93,8,0
935,60,50.61,7,0.16
61,36,38.78,9,0.72
495,67,64.06,10,0.32
659,61,15.06,1,0.4
868,42,51.86,5,0.15
741,63,41.57,8,0.11
205,93,77.87,5,0.42
290,79,15.55,9,0.33
1,62,43.13,5,0.79
55,90,72.87,9,0.84
920,23,20.75,7,0.56
364,30,13.37,8,0.13
44,83,14.95,4,0.98
66,6,65.39,1,0.21
332,58,45.72,5,0.55
45,1,29.26,7,0.3
187,43,86.99,10,0.85
431,36,75.5,7,0.88
332,26,97.78,8,0.1
881,33,38.79,6,0.64
911,67,44.07,2,0.9
678,30,86.28,1,0.13
458,13,22.8,2,0.34
74,64,87.53,7,0.85
976,10,64.37,5,0.54
302,98,61.09,4,0.58
512,23,82.72,8,0.57
999,72,55.64,7,0.37
696,29,71.16,4,0.83
187,83,70.72,10,0.16
721,93,84.97,5,0.3
88,21,91.37,6,0.65
211,69,28.69,6,0.09
891,83,20.65,4,0.99
192,47,58.97,7,0.16
769,1,91.79,9,0.64
87,47,92.5,10,0.76
285,84,74.83,6,0.07
96,10,56.37,3,0.77
233,95,64.18,9,0.97
895,65,16.35,3,0.06
971,78,40.93,5,0.89
360,11,54.63,4,0.24
87,68,3.32,2,0.46
338,77,36.02,9,0.87
178,43,41.54,6,0.21
261,4,66.11,9,0.28
421,74,37.73,6,0.93
883,29,50.7,4,0.87
85,93,87,7,0.64
879,77,55.46,10,0.39
276,9,91.23,3,0.95
105,3,50.8,2,0.67
111,3,89.93,6,0.26
429,23,17.07,1,0.56
825,8,57.6,2,0.98
551,40,96.12,2,0.75
556,51,47.57,8,0.28
355,81,44.06,1,0.42
698,46,69.14,10,0.16
878,19,65.2,2,0.41
827,47,53.36,8,0.68
186,99,23.06,7,0.97
276,82,14.9,9,0.71
82,99,20.75,4,0.36
250,88,68.99,5,0.69
253,95,3.64,10,0.37
52,74,36.97,5,0.99
908,82,83.59,1,0.04
185,79,70.81,1,0.38
895,63,83.64,3,0.36
238,28,64.87,10,0.32
431,73,49.83,4,0.01
329,84,3.38,2,0.78
85,35,51.41,5,0.16
516,10,74.67,1,0.74
167,8,50.55,9,0.1
5,17,12.8,5,0.56
302,65,92.28,4,0.87
204,21,99.36,5,0.85
168,33,4.29,8,0.56
380,25,34.43,10,0.56
377,98,65.71,4,0.35
563,61,29.17,6,0.61
736,77,9.86,1,0.95
358,7,47.06,1,0.62
891,74,80.53,5,0.31
213,98,1.69,4,0.28
448,77,29.77,9,0.85
68,23,98.52,3,0.09
825,24,40.22,8,0.92
448,53,76.55,1,0.35
127,59,85.38,7,0.51
537,23,43.18,9,0.27
589,72,64.6,4,0.37
890,38,66.41,3,0.19
278,86,15.7,10,0.38
874,53,87.13,8,0.74
40,85,78.53,3,0.04
657,11,5.42,7,0.79
361,78,18.29,2,0.75
722,87,56.15,8,0.98
294,81,71.68,2,0.76
768,6,58.32,6,0.81
195,82,89.96,4,0.76
688,11,47.02,8,0.05
251,71,91.9,8,0.48
240,60,57.8,7,0.05
452,78,37.09,7,0.21
808,100,84.19,6,0.35
109,3,53.02,5,0.34
212,74,92.3,8,0.24
220,78,5.47,7,0.88
311,43,5.9,5,0.16
804,11,29.01,4,0.89
291,81,8.67,9,0.41
918,40,12.01,2,0.27
24,82,60.07,8,0.62
36,63,25.4,3,0.32
1000,6,76.92,3,0.07
890,78,10.48,8,0.41
252,85,11.97,6,0.78
899,1,45.91,7,0.72
685,75,73.91,2,0.37
57,16,20.83,3,0.51
564,8,50.45,1,0.9
846,35,51.47,10,0.28
759,66,82.34,3,0.12
990,96,57.71,8,0.7
2,44,46.3,4,0.18
14,5,93.82,4,0.37
700,75,71.58,9,0.3
896,96,5.54,6,0.96
833,19,73.87,2,0.92
45,22,69.58,4,0.36
22,77,23.83,9,0.82
559,32,86.63,6,0.75
916,54,32.03,1,0.51
193,28,40.44,8,0.16
589,85,86.15,8,0.58
976,85,86,7,0.34
508,66,78.6,9,0.75
669,71,47.85,7,0.33
763,57,38.74,6,0.08
771,78,91.28,10,0.38
816,22,96.1,2,0.76
327,67,60.02,8,0.15
737,6,76.49,7,0.59
385,5,31.69,5,0.68
792,93,92.79,1,0.7
398,72,72.44,7,0.26
44,40,61.73,2,0.99
623,2,26.81,9,0.03
992,11,50.23,6,0.8
127,81,55.92,4,0.09
603,95,82.86,6,0.43
649,29,86.69,4,0.52
116,36,78.6,8,0.69
44,92,74.87,7,0.06
691,45,60.15,9,0.69
814,15,58.15,10,0.36
383,93,2.98,9,0.45
151,56,2.52,3,0.88
258,75,89.53,7,0.01
527,75,63.91,2,0.39
343,73,97.47,4,0.03
971,65,14.64,6,0.78
118,60,60.01,4,0.32
984,90,54.73,7,0.7
29,46,56.78,7,0.91
958,12,27.79,10,0.57
95,50,4.38,2,0.62
279,20,97.3,5,0.95
141,49,18.67,4,0.36
687,23,74.33,5,0.22
218,43,14.84,3,0.28
432,84,28.78,9,0.41
787,43,10.68,2,0.03
659,67,35.21,3,0.79
679,89,6.99,7,0.94
338,30,29.1,7,0.25
375,95,19,10,0.8
283,69,43.84,7,0.47
380,12,23.61,4,0.85
649,89,55,3,0.19
143,97,93.72,10,0.04
863,52,54.12,3,0.1
913,5,72.01,6,0.44
865,68,7.04,5,0.12
486,60,31.16,6,0.43
23,10,41.34,6,0.23
720,49,25.34,2,0.84
88,44,2.01,4,0.16
30,63,26.81,10,0.3
901,28,25.26,6,0.68
773,14,6.85,1,0.21
469,94,33.46,6,0.5
965,57,15.59,1,0.55
651,50,18.84,5,0.6
926,9,96.69,9,0.04
847,95,48.32,4,0.68
101,11,83.73,8,0.95
87,90,95.65,4,0.56
971,40,3.65,4,0.38
937,58,65.49,8,0.28
574,70,43.95,10,0.22
160,5,59.46,3,0.87
899,37,28.32,4,0.04
448,75,59.61,4,0.17
167,30,66.09,2,0.25
233,20,60.5,9,0.96
528,33,46.98,1,0.37
718,56,91.76,3,0.27
710,20,54.62,9,0.67
631,54,30.89,6,0.27
928,29,26.28,8,0.94
709,44,42.88,8,0.1
28,90,12.81,9,0.48
542,56,39.41,4,0.85
280,80,92.67,10,0.11
671,58,92,1,0.44
472,10,43.24,2,0.73
542,98,69.62,4,0.84
639,77,82.96,2,0.35
149,49,37.65,5,0.63
65,99,51.98,6,0.47
423,35,12.78,8,0.38
354,81,83.38,8,0.07
742,78,98.11,7,0.21
526,4,36.79,3,0.1
519,82,30.04,10,0.34
100,89,13.22,10,0.57
33,73,75.44,3,0.79
855,75,73.15,5,0.7
704,66,17.07,4,0.55
596,58,88,6,0.78
320,19,80.36,4,0.71
815,50,38.42,8,0.3
378,16,48.89,9,0.84
473,12,52.57,9,0.55
956,41,92.7,3,0.96
4,22,26.43,4,0.27
319,44,68.54,9,0.51
601,92,2.06,5,0.44
618,86,12.38,5,0.79
836,1,81,1,0.05
485,49,5.79,3,0.46
51,57,90.64,5,0.31
46,45,78.36,10,0.29
272,49,45.39,6,0.45
819,9,97.46,6,0.2
102,87,61.78,2,0.87
147,65,33.61,3,0.22
962,24,25.93,10,0.62
257,73,78.1,3,0.69
160,41,13.94,8,0.85
326,2,50.47,7,0.68
599,36,12.9,2,0.7
735,51,47.46,3,0.75
620,41,83.73,3,0.69
83,30,85.88,9,0.91
623,50,88.43,1,0.57
213,55,95.57,3,0.98
12,41,8.79,2,0.33
183,49,28.2,2,0.95
43,10,4.16,9,0.48
659,5,86.68,8,0.45
821,34,94.83,1,0
519,13,59.95,4,0.04
628,94,42.29,5,0.64
519,23,95.52,4,0.81
201,80,56.94,9,0.65
893,62,45.66,5,0.79
477,42,27.8,2,0.98
657,64,59.33,1,0.71
713,68,88.25,1,0.36
203,99,37.35,5,0.07
899,94,26.13,5,0.69
397,22,7.97,8,0.06
267,79,46.57,6,0.86
103,84,6.56,9,0.88
341,46,46.14,3,0.87
727,20,60.3,4,0.18
636,60,71.59,6,0.07
903,57,57.43,3,0.53
784,5,86.21,6,0.36
620,24,32.74,4,0.1
446,36,68.13,1,0.16
950,7,56.1,3,0.99
999,18,77.32,2,0.62
346,75,61.21,3,0.48
100,42,93.14,4,0.9
29,76,28.83,4,0.26
961,29,63.59,4,0.26
803,58,79.95,2,0.09
261,95,77.74,8,0.12
234,87,61.5,10,0.02
16,66,49.2,2,0.7
107,42,45.29,8,0.64
391,44,27.08,3,0.59
790,5,3.09,5,0.73
69,75,73.47,5,0.23
747,89,1.98,1,0.43
536,67,49.65,6,0.42
987,18,41.28,8,0.5
372,45,44.89,8,0.59
930,50,12.54,3,0
224,56,99.39,6,0.77
601,2,58.29,9,0.17
174,29,76.63,7,0.82
363,69,45.49,6,0.09
609,23,12.19,6,0.33
640,28,58.79,1,0.57
608,45,16.53,10,0.52
782,53,20.76,5,0.91
240,8,54.57,6,0.49
672,25,70.08,3,0.56
96,65,85.24,6,0.33
270,40,87.71,9,0.62
684,49,27.1,6,0.01
476,29,47.64,9,0.95
254,3,25.17,1,0.47
518,60,35.67,8,0.1
481,35,69.33,9,0.53
71,44,99.23,4,0.77
121,26,31.4,9,0.91
722,44,15.53,8,0.49
924,70,60.3,9,0.85
244,51,90.43,2,0.71
112,47,76.98,6,0.98
294,43,37.15,8,0.45
499,87,8.36,8,0.98
225,87,27.13,6,1
221,85,17.68,4,0.76
719,48,88.27,10,0.07
936,56,48.28,9,0.12
660,39,78.02,10,0.64
692,87,98.39,9,0.8
411,49,48.36,3,0.55
287,95,1.84,7,0.61
97,96,53.65,7,0.8
140,52,46.87,1,0.65
235,45,97.89,9,0.98
916,69,31.05,3,0.18
8,61,61.76,4,0.49
941,49,45.68,5,0.26
264,61,68.99,6,0.34
635,44,60.85,7,0.29
543,74,52.01,4,0.99
284,50,9.17,8,0.64
330,27,73.43,8,0.24
559,96,17.23,8,0.22
856,30,86.47,1,0.06
736,40,16.02,3,0.12
836,7,81.56,6,0.51
751,97,42.46,8,0.51
241,11,4.19,7,0.89
743,39,96.42,1,0.6
380,7,32.2,5,0.56
680,86,70.95,5,0.32
27,17,22.83,9,0.41
797,77,25.34,6,0.81
976,21,82.54,8,0.42
3,15,29.52,6,0.19
183,69,88.92,8,0.12
505,93,30.41,1,0.45
3,6,12.57,10,0.49
604,100,2.74,6,0.56
10,10,98.61,4,0.1
455,78,31.04,2,0.6
403,42,33.32,2,0.22
662,18,9.91,6,0.23
218,9,11.97,7,0.26
874,87,25.7,8,0.57
980,59,53.48,3,0.69
288,23,6.44,1,0.09
986,99,62.68,9,0.34
680,79,44.98,10,0.32
122,36,20.41,3,0.33
796,11,1.65,2,0.33
386,35,2.69,1,0.29
756,65,48.92,7,0.45
388,81,48.87,10,0.88
63,28,65.31,3,0.36
167,97,70.14,5,0.04
461,16,23.55,8,0.8
762,46,30.01,1,0.98
91,10,76.85,3,0.43
44,25,33.22,10,0.53
255,21,92.42,10,0.96
869,81,75.43,3,0.28
662,53,86.85,4,0.85
288,51,38.56,2,0.43
665,99,68.13,2,0.99
160,61,10.51,7,0.7
625,25,31.59,1,0.15
34,82,10.88,6,0.2
992,20,5.42,8,0.01
925,53,67.85,8,0.62
759,17,63.57,2,0.63
243,23,53.67,9,0.99
412,96,58.28,7,0.17
214,88,82.16,3,0.35
756,30,39.12,1,0.28
460,8,46.82,4,0.55
959,72,83.21,7,0.55
389,35,83.88,7,1
678,96,41.33,3,0.43
980,17,4.97,4,0.07
600,42,83.06,3,0.62
797,25,99.35,10,0.87
453,30,41.99,5,0.47
529,11,46.99,9,0.96
712,27,59.98,8,0.16
711,76,83.68,2,0.53
481,92,74.43,2,0.94
815,96,44.9,3,0.31
993,52,48.91,3,0.85
138,10,59.03,2,0.04
151,11,80.62,9,0.72
143,68,10.8,2,0.8
369,35,75.61,10,0.44
130,67,73.51,2,0.34
187,94,49.88,1,0.15
538,76,69.3,4,0.18
909,46,83.27,2,0.08
417,13,3.79,6,0.35
112,87,74.2,2,0.42
147,32,43.81,9,0.83
595,77,26.72,6,0.72
898,43,55.67,9,0.78
136,39,56.95,4,0.08
146,24,1.12,9,0.51
768,78,20.22,2,0.51
4,65,17.42,7,0.15
355,92,4.9,9,0.8
492,3,69.62,10,0.49
501,21,89.94,9,0.73
896,16,86.66,3,0.83
366,72,60.09,2,0.7
4,74,34.79,5,0.2
854,86,46.72,4,0.52
453,54,95.55,10,0.92
360,61,27.09,10,0.36
582,29,65.03,5,0
38,26,54.28,7,0.45
991,67,23.14,8,0.37
80,22,35.3,10,0.37
889,94,21.52,6,0.17
287,70,36.63,4,0.62
737,27,57.98,10,0.75
407,98,80.54,2,0.87
23,31,89.61,10,0.11
566,98,71.66,8,0.22
298,38,70.02,6,0.65
426,52,23.05,4,0.08
48,25,97.84,4,0.79
960,17,58.55,6,0.16
965,64,14.1,10,0.62
388,9,32.33,3,0.57
325,59,45.31,3,0.05
592,71,83.95,9,0.6
913,89,59.02,2,0.61
497,28,75.59,8,0.25
120,3,11.43,4,0
935,8,29.16,6,0.75
866,67,3,8,0.36
898,23,38.78,3,0.27
314,8,10.56,7,0.97
801,73,38.83,9,0.73
622,57,83.13,8,0.1
455,78,90.47,2,0.61
77,56,90.47,8,0.29
407,39,38.12,8,0.41
564,49,25.25,6,0.27
467,37,20.08,10,0.4
836,78,49.08,9,0.95
832,6,36.69,6,0.95
863,16,6.42,9,0.72
308,65,1.43,8,0.34
212,75,90.45,7,0.18
490,27,75.44,7,0.59
658,33,94.68,8,0.54
854,83,64.28,1,0.33
278,52,35.85,5,0.23
532,49,24.43,2,0.08
518,82,84.18,5,0.21
703,5,99.15,6,0.45
372,20,38.52,8,0.12
368,60,90.91,1,0.95
713,98,71.22,6,0.29
277,63,49.47,7,0.75
296,67,55.49,9,0.13
402,59,62.46,3,0.52
828,65,72.4,9,0.36
711,6,94.32,3,0.77
159,3,91.47,1,0.47
213,71,89.61,7,0.68
822,96,62.23,3,0.52
770,96,17.41,5,0.84
911,8,19.38,5,0.54
134,36,71.23,10,0.19
784,82,32.04,9,0.52
396,40,53.4,2,0.72
543,15,13.34,5,0.12
11,92,80.28,5,0.21
388,90,15.31,6,0.81
734,12,34.77,6,0.06
989,26,88.9,2,0.6
288,11,93.38,3,0.81
115,93,98.55,7,0.61
324,25,55.98,9,0.14
143,57,59.34,3,0.41
79,40,6.13,9,0.6
623,6,73.38,5,0.78
819,47,28.27,8,0.81
591,9,92.47,9,0.61
86,88,1.35,7,0.33
40,49,4.64,10,0.47
754,41,7.23,7,0.92
119,46,46.49,2,0.94
614,21,6.16,6,0.4
811,97,39.16,1,0.96
524,99,30.91,10,0.59
143,45,84.28,5,0.49
904,34,42.11,5,0.45
795,8,87.65,4,0.06
899,91,67.44,4,0.74
14,74,65.95,2,0.27
462,67,63.56,10,0.55
765,79,35.33,1,0.94
747,11,74.32,1,0.83
464,99,91.64,7,0.45
590,70,52.32,6,0.42
240,15,68.48,1,0.56
691,71,22.21,6,0.45
482,87,63.39,9,0.89
708,40,47.54,1,0.57
213,38,64.16,7,0.18
776,85,31.77,8,0.43
843,47,63.13,7,0.12
807,16,31.94,6,0.72
482,85,40.69,2,0.18
156,17,61.96,5,0.59
561,80,9.59,2,0.4
953,73,94.14,2,0.64
90,26,43.76,6,0.18
835,22,46.33,3,0.61
660,67,82.71,9,0.76
958,23,90.87,3,0.35
408,5,18.68,4,0.57
203,5,64.32,10,0.76
576,73,2.21,8,0.22
114,31,52.82,10,0.7
993,83,53.16,4,0.9
374,73,99.37,5,0.03
206,27,50.8,4,0.98
168,77,41.86,9,0.99
724,43,22.66,7,0.53
540,44,73.97,4,0.24
474,36,19.78,7,0.06
159,98,19.07,5,0.28
69,7,32.57,1,0.31
325,51,17.52,6,0.58
822,72,26.21,4,0.41
568,35,40.17,5,0.34
688,52,75.75,3,0.71
120,22,49.14,9,0.68
261,83,9.46,7,0.92
608,32,80.65,7,0.69
852,44,28.69,8,0.77
364,38,3.83,7,0.43
642,72,8,10,0.77
804,1,32.29,10,0.18
233,53,94.4,8,0.81
284,81,78.71,7,0.59
748,65,46.48,2,0.66
512,33,92.73,8,0.67
556,77,34.42,9,0.2
795,16,17.95,5,0.37
984,90,86.04,6,0.24
918,78,91.96,5,0.97
259,25,45.31,4,0.27
430,45,94.15,10,0.15
106,76,54.58,6,0.53
151,45,30.69,1,0.85
120,94,75.87,6,0.27
74,86,91.41,8,0.89
461,39,64.49,2,0.39
60,67,72.91,5,0.78
704,49,10.9,6,0.64
208,36,36.91,5,0.12
891,2,60.88,4,0.96
63,15,87.76,1,0.64
150,31,44.33,2,0.7
91,65,35.16,4,0.61
183,55,9.3,1,0.22
653,12,11.16,3,0.35
564,94,80.65,2,0.19
605,91,77.53,8,0.55
13,4,52.19,2,0.5
861,53,15.64,2,0.62
432,80,40.92,2,0.16
987,48,86.41,3,0.58
503,60,84.55,9,0.21
926,100,48.28,6,0.8
486,83,79.38,5,0.8
935,6,44.09,6,0.93
18,85,9.72,5,0.53
224,96,65.48,6,0.4
888,40,88.22,6,0.5
733,65,74.82,6,0.3
688,26,41.32,7,0.86
709,29,45.88,5,0.39
925,93,40.86,1,0.84
107,79,73.54,2,0.92
439,78,42.49,3,0.85
733,80,25.32,9,0.63
505,71,39.13,2,0.06
616,66,37.93,5,0.46
544,88,33.44,3,0.64
183,10,97.08,6,0.35
432,8,21.3,3,0.21
943,62,32.95,9,0.07
567,42,15.88,4,0.11
550,19,79.01,3,0.88
209,19,89.35,9,0.19
921,22,37.5,4,0.05
194,74,7.67,2,0.72
695,92,22.55,10,0.42
977,1,54.01,5,0.15
660,64,52.93,5,0.49
53,30,92.2,8,0.54
598,17,48.1,2,0.87
694,32,41.23,1,0.64
673,52,43.31,9,0.6
965,87,26.95,9,0.5
809,14,96.04,5,0.34
190,86,30.16,1,0.61
720,19,89.01,4,0.4
961,95,72.86,9,0.83
599,22,20.02,6,0.63
587,89,50.24,4,0.18
250,50,5.54,3,0.29
278,69,3.75,10,0.26
912,4,87.58,8,0.02
262,28,53.71,5,0.38
682,20,90.77,5,0.92
606,86,78.23,7,0.23
107,72,52.5,9,0.13
552,79,53.16,1,0.23
458,22,69.82,1,0.99
348,36,26.12,10,0.86
236,73,11.29,3,0.67
378,62,53.18,1,0.51
360,24,63.27,10,0.7
859,91,4.73,7,0.82
291,71,60.01,3,0.84
366,82,81.76,1,0.47
782,31,21.15,5,0.25
482,46,63.08,8,0.98
35,54,31.84,2,0.76
702,98,28.85,7,0.66
673,4,53.66,4,0.69
963,49,55.17,9,0.25
214,18,95.49,2,0.37
275,13,79.55,7,0.95
994,40,86.33,9,0.54
995,21,9.57,4,0.72
381,32,20.67,7,0.36
299,90,23.81,7,0.03
925,24,51.22,1,1
385,31,23.79,2,0.44
568,83,46.17,1,0.11
617,69,35.36,2,0.95
326,5,49.48,4,0.22
670,70,45.4,8,0.74
300,55,4.48,9,0.18
257,79,32.35,4,0.55
440,88,91.36,6,0.75
765,61,14.48,7,0.24
658,27,99.07,4,0.62
465,99,71.4,1,0.05
411,59,77.61,5,0.29
887,53,30.73,9,0.34
643,59,30.03,1,0.91
16,86,81.51,4,0.16
423,76,27.71,8,0.81
845,7,71.21,2,0.81
60,71,35.89,6,0.51
523,74,62.88,9,0.34
251,76,3.51,10,0.18
915,58,18.55,10,0.92
26,1,21.52,2,0.27
852,70,12.19,5,0.74
470,34,93.07,3,0.92
12,3,90.54,3,0.96
295,52,55.19,10,0.33
997,69,95.78,2,0.73
208,4,40.93,9,0.13
756,26,22.43,8,0
503,21,95.19,3,0.54
923,26,47.38,3,0.76
734,46,83.62,3,0.64
235,45,86.45,9,0.55
498,16,24.91,5,0.81
124,74,47.8,5,0.41
647,98,54.13,10,0.28
774,57,61.02,8,0.38
104,10,34.77,1,0.35
732,91,4.81,5,0.05
440,39,49.43,8,0.88
419,32,8.93,2,0.29
863,96,75.17,1,0.72
146,25,73.43,1,0.35
369,51,83.18,2,0.4
208,77,35.17,10,0.65
218,42,87.98,5,0.06
956,38,75.54,2,0.15
945,59,39.43,7,0.93
473,84,4.99,6,0.84
887,27,32.14,9,0.76
33,19,64.26,10,0.18
38,64,46,8,0.07
710,11,24.75,7,0.85
323,29,13.01,7,0.21
353,74,29.4,9,0.89
485,64,52.76,8,0.83
87,4,70.02,10,0.89
945,47,11.28,3,0.27
690,93,26.82,2,0.4
869,2,44.93,3,0.49
675,8,34.07,1,0.89
884,63,18.48,1,0.32
76,50,63.8,10,0.9
415,46,81.05,10,0.87
440,61,68.78,4,0.01
810,75,89.7,1,0.03
588,95,28.43,9,0.13
895,59,44.86,4,0.64
290,61,64.96,9,0.73
838,83,7.62,7,0.59
181,81,86.84,7,0.07
360,65,58.47,2,0.21
797,76,6.11,5,0.86
377,3,96.62,4,0.23
553,5,62.15,7,0.79
540,30,17.46,8,0.75
307,22,59.96,3,0.41
764,31,71.27,10,0.48
330,52,25.02,5,0.84
945,1,50.28,10,0.94
601,68,40.89,2,0.29
538,42,93.51,10,0.98
288,11,21.54,4,0.88
677,74,88.38,5,0.88
76,44,77.52,7,0.73
377,68,94.5,7,0.59
458,67,77.66,4,0.51
808,39,46.19,3,0.22
565,58,49.37,5,0.79
438,84,37.05,8,0.02
441,85,61.63,3,0.91
366,34,25.06,4,0.04
93,35,25.47,4,0.3
648,75,16.62,9,0.17
946,89,96.18,10,0.27
51,81,32.84,3,0.82
545,24,67.96,5,0.7
369,62,91.24,9,0.94
948,44,66.59,4,0.66
643,14,68.66,8,0.81
802,1,66.34,5,0.81
622,46,33.27,1,0.03
262,30,4.03,4,0.57
703,23,96.86,10,0.82
407,74,69.07,7,0.61
814,40,4.48,7,0.39
351,53,61.62,8,0.55
976,17,85.66,1,0.29
567,85,81.6,4,0.76
161,61,35.89,6,0.88
399,67,47.14,3,0.94
276,91,20.79,3,0.52
226,85,62.55,4,0.37
912,72,86.72,5,0.48
660,55,27.78,4,0.06
223,89,10.08,2,0.98
999,31,62.58,8,0.78
461,31,41.88,3,0.57
935,47,87.86,9,0.88
473,16,21.02,7,0.62
199,87,57.07,7,0.01
480,58,12.48,2,0.21
924,74,51.94,10,0.33
457,24,42.3,1,0.72
637,54,61.8,1,0.04
728,74,6.53,10,0.04
119,53,76.45,7,0.3
565,37,34.14,2,0.42
800,48,81.55,8,0.28
854,78,16.84,10,0.84
615,1,39.59,9,0.95
722,63,44.76,8,0.42
646,18,27.07,10,0.68
266,57,81.27,9,0.01
266,72,89.8,6,0.31
484,54,95.27,10,0.79
644,52,65.8,8,0.85
469,31,46.13,1,0.18
890,6,89.84,6,0.5
517,24,74.74,5,0.49
890,40,65.23,3,0.48
115,8,5.5,3,0.28
449,38,33.08,1,0.73
480,75,35.02,5,0.78
166,96,86.97,2,0.76
507,75,30.99,7,0.37
877,47,36.39,9,0.44
193,73,69.51,5,0.03
872,60,55.98,3,0.02
459,79,97.01,3,0.08
733,44,12.46,7,0.12
982,13,15.43,8,0.94
297,13,90.07,4,0.93
569,10,76.71,3,0.87
62,47,10.92,5,0.38
432,48,83.47,3,0.14
864,7,94.4,5,0.83
972,11,70.89,8,0.26
449,24,89.83,7,0.4
243,45,54.09,2,0.81
476,46,63.72,3,0.58
11,28,80.08,8,0.95
639,89,46.31,4,0.54
714,78,39.27,8,0.05
259,47,38.49,8,0.09
830,17,45.49,9,0.78
211,22,93.56,7,0.49
755,66,95.21,6,0.24
271,4,44.85,5,0.29
489,49,37.93,8,0.39
974,25,11.29,1,0.95
246,10,39.48,1,0.95
499,33,43.77,2,0.67
808,78,19.04,1,0.59
792,61,81.96,6,0.82
145,20,38.69,5,0.57
88,4,99.44,6,0.65
106,14,91.46,2,0.6
200,56,77.73,7,0.5
464,11,5.11,7,0.54
906,77,58.96,1,0.58
820,66,96.61,3,0.16
720,15,46.97,5,0.16
283,68,23.03,9,0.44
891,36,61.37,6,0.81
966,39,33.13,3,0.61
36,29,24.29,7,0.18
83,71,14.36,2,0.19
458,68,22.64,9,0.84
987,38,56.02,9,0.23
424,56,38.56,10,0.05
814,89,71.02,3,0.17
968,46,75.12,4,0.37
491,61,72.29,7,0.43
660,32,88.2,6,0.67
51,68,46.93,4,0.63
275,5,86.98,3,0.08
809,50,94.62,3,0.23
288,7,16.3,2,0.8
27,40,36.31,7,0.52
352,6,77.94,8,0.67
866,73,89.1,4,0.07
187,29,14.9,3,0.83
824,28,79.33,7,0.8
670,3,41.15,7,0.58
655,99,7.57,4,0.82
295,10,59.08,2,0.8
539,5,23.77,2,0.18
390,25,24.87,7,0.92
181,81,20.07,8,0.78
144,85,58.71,1,0.79
45,18,21.11,9,0.27
710,28,64.76,3,1
804,57,8.34,3,0.46
502,48,51.74,2,0.34
101,9,92.6,7,0.51
344,62,96.3,5,0.72
665,30,25.63,7,0.54
768,19,66.12,8,0.97
483,56,25.78,7,0.41
32,26,22.67,7,0.95
890,25,96.99,9,0.33
585,33,62.56,7,0.33
91,5,32.08,3,0.88
887,15,17.08,6,0.59
970,63,68.75,6,0.37
801,46,50.08,5,0.27
29,96,81.5,1,0.25
31,21,2.39,1,0.54
138,79,45.37,8,0.65
275,50,86.74,9,0.4
925,99,36.93,4,0.43
727,11,61.25,10,0.87
667,8,68.64,8,0.98
617,25,26.91,3,0.76
454,32,88.06,1,0.93
224,61,74.43,4,0.22
739,60,17.13,5,0.26
168,17,28.96,9,0.15
971,40,76.72,1,0.04
481,36,72.61,5,0.26
308,73,95.79,8,0.54
810,46,94.82,7,0.06
975,54,65.03,9,0.65
795,68,50.3,4,0.11
144,76,39.84,9,0.62
904,65,9.56,4,0.47
56,75,51.64,8,0.45
42,9,64.02,6,0.23
181,66,52,9,0.71
535,11,86.3,3,0.92
182,11,10.31,2,0.12
578,46,11.82,10,0.05
265,8,91.1,3,0.82
78,15,74.27,1,0.21
584,18,48.55,4,0.25
540,33,1.38,4,0.09
811,63,61.29,10,1
565,88,22.93,6,0.26
471,37,7.48,9,0.73
785,96,75.53,7,0.94
57,44,22.31,7,0.65
720,58,95.12,10,0.84
118,4,91.84,6,0.49
708,58,59.73,6,0.73
934,43,10.73,5,0.68
377,86,57.01,7,0.92
132,52,8.83,7,0.59
19,6,97.2,3,0.42
229,43,57.12,2,0.4
104,24,67.64,9,0.69
758,40,26.6,8,0.95
832,82,50.86,1,0.86
485,6,57.35,4,0.23
813,41,83.87,3,0.5
967,62,74.37,6,0.48
366,72,34.44,8,0.78
671,17,50.83,7,0.16
196,6,65.51,4,0.22
512,6,86.89,6,0.52
877,54,86.78,3,0.36
267,25,47.8,1,0.49
11,48,11.42,6,0.85
958,47,93.92,9,0.4
29,56,19.84,4,0.1
865,99,87.8,8,0.84
876,26,66.84,7,0.94
532,46,3.45,6,0.09
701,59,99.15,4,0.64
506,72,83.17,4,0.91
502,12,78.37,9,0.91
63,68,79.66,4,0.34
212,80,83.93,2,0.49
133,27,78.03,10,0.27
839,79,49.45,10,0.84
120,15,51.65,5,0.58
997,56,41.54,1,0.33
150,51,40.03,4,0.52
727,1,95.79,10,0.4
937,88,90.89,8,0.86
524,43,68.58,2,0.98
903,24,76.72,1,0.62
373,65,63.99,9,0.66
148,30,56.48,3,0.81
752,81,25.18,1,0.02
5,80,53.6,10,0.36
472,19,9.81,1,0.75
418,15,66.08,6,0.41
843,40,84.75,7,0.97
81,69,68.73,2,0.51
115,82,86.55,7,0.23
398,24,15.11,5,0.16
953,21,64.44,3,0.81
194,51,43.82,1,0.51
527,19,37.01,6,0.59
654,22,81.86,5,0.24
403,86,7.7,7,0.87
440,19,98.75,2,0.01
445,49,96.43,8,0.55
14,38,36.12,7,0.54
803,54,69.93,7,0.47
968,47,26.72,3,0.37
58,100,37.41,2,0.64
897,83,89.44,3,0.25
111,29,20.22,10,0.39
320,1,41.46,10,0.28
986,91,35.52,6,0.18
343,70,24.1,6,0.53
181,47,13.72,1,0.2
67,49,60.6,6,0.54
161,81,28.95,6,0.45
615,69,16.76,2,0.19
872,74,28.37,5,0.78
842,28,30.64,2,0.85
114,28,88.21,8,0.65
547,63,43.35,8,0.3
838,52,62.72,10,0.58
781,2,66.18,4,0.27
713,68,53.12,9,0.52
314,22,41.96,7,0.91
963,39,26,8,0.65
974,17,60.04,6,0.64
522,57,51.17,7,0.7
449,82,99.2,2,0.33
357,31,41.87,8,0.59
623,64,2.59,4,0.97
105,25,92.68,1,0.39
85,55,93.53,8,0.77
460,15,48.95,2,0.19
337,24,54.09,5,0.07
420,78,16.16,9,0.2
594,3,82.09,3,0.02
195,44,98.25,2,0.87
38,18,52.53,9,0.56
387,26,93.78,3,0.29
510,27,83.29,7,0.38
601,43,68.18,2,0.21
199,72,20.47,7,0.2
21,73,66.47,1,0.77
123,45,78.76,4,0.66
96,8,9.02,8,0.14
775,64,35.05,3,0.28
973,60,23.48,6,0.3
772,87,19.53,3,0.15
48,63,35.82,9,0.46
417,68,99.01,9,0.4
997,21,23.33,8,0.77
46,64,45.23,9,0.42
13,49,76.94,8,0.85
467,7,63.09,7,0.47
783,35,82.64,3,0.29
445,1,63.87,6,0.42
867,19,39.91,8,0.17
178,27,54.95,9,0.83
98,10,46,3,0.82
373,23,49.05,7,0.61
796,40,73.72,3,0.58
900,20,51.56,10,0.55
752,20,36.53,2,0.21
321,25,7.47,8,0.35
122,63,76.01,1,0.38
786,7,21.71,2,0.56
856,3,91.82,5,0.44
109,25,72.65,10,0.52
344,3,59.19,9,0.75
360,92,54.03,6,0.4
507,51,50.9,10,0.41
842,25,97.81,7,0.74
697,68,22.6,8,0.14
968,7,87.95,5,0.45
817,37,34.95,6,0.22
558,49,2.23,2,0.35
369,80,14.85,8,0.03
575,11,62.32,3,0.86
518,1,49.68,4,0.18
974,25,5.78,3,0.73
945,10,43.31,2,0.11
933,94,6.19,7,0.37
836,43,56.17,10,0.04
219,94,31.6,1,0.56
876,61,39.71,1,0.19
813,52,20.74,10,1
731,30,38.78,8,0.49
340,65,64.98,6,0.68
13,51,44.51,5,0.72
454,43,92.68,6,0.51
412,95,86.42,6,0.26
437,95,19.92,5,0.73
98,68,1.3,2,0.07
245,24,76.09,8,0.04
259,76,71.1,3,0.76
39,84,5.81,4,0.59
194,5,76.47,2,0.54
680,12,37.94,7,0.99
770,100,41.65,4,0.55
840,46,46.58,1,0.63
476,64,23.42,7,0.33
545,89,57.85,3,0.78
16,56,12.06,9,0.76
592,46,82.93,4,0.05
705,50,64.17,6,0.9
686,15,33.55,8,0.75
996,1,6.79,7,0.79
3,58,30.45,5,1
800,57,70.8,10,0.49
740,79,39.64,4,0.89
187,96,97.11,1,0.21
779,37,7.15,6,0.72
9,38,16.68,4,0.52
572,46,76.7,7,0.92
119,82,44.99,5,0.49
87,98,20.99,6,0.45
693,7,93.42,8,0.98
979,96,49.35,10,0.67
829,40,61.49,9,0.02
622,25,89.08,3,0.73
621,53,48.91,10,0.57
503,23,79.63,1,0.37
724,25,65.43,2,0.04
975,27,27.84,1,0.99
187,11,57.06,6,0.98
713,72,72.71,5,0.43
536,45,34.33,5,0.61
625,10,1.38,6,0.69
772,95,7.83,9,0.09
550,62,25.86,3,0.26
532,5,20.46,8,0.64
890,5,71.17,8,0.5
413,57,8.13,9,0.56
24,21,97.43,4,0.42
6,28,22.11,4,0.78
640,12,60.13,9,0.91
835,99,63.64,4,0.24
173,11,62.08,8,0.19
626,36,90.27,6,0.91
726,70,75.74,10,0.21
640,57,61.16,4,0.01
180,26,9.63,7,0.17
102,15,97.63,8,0.4
494,1,7.05,5,0.79
643,55,51.9,7,0.46
748,37,50.6,2,0.58
839,94,55.97,1,0.18
588,25,88.43,4,0.66
589,73,26.79,9,0.39
606,63,9.43,4,0.6
175,17,12.5,7,0.79
258,82,49.73,7,0.62
403,76,77.39,2,0.43
457,84,83.26,6,0.36
67,97,8.34,3,0.74
339,22,13.06,6,0.94
447,9,14.57,10,0.06
309,91,63.53,5,0.69
883,75,64.86,6,0.98
565,75,50.86,3,0.58
884,31,92.88,5,0.73
92,20,4.59,7,0.02
932,89,51.58,7,0.7
601,8,83.73,7,0.54
97,48,18.36,3,0.3
179,55,78.07,6,0.09
862,53,65.81,8,0.86
686,55,36.78,3,0.81
66,18,10.02,6,0.54
19,4,79.86,7,0.22
1,77,70.08,8,0.72
164,63,8.89,10,0.72
934,41,47.23,2,0.17
460,52,30.3,7,0.21
197,47,80.25,4,0.41
142,32,24.39,9,0.37
786,83,49.41,2,0.73
456,83,48.53,5,0.53
331,96,9.42,8,0.11
838,63,52.28,9,0.89
199,22,74.62,2,0.77
992,71,3.19,2,0.25
120,35,82.74,7,0.88
519,52,49.58,2,0.03
410,51,10.97,9,0.05
402,63,58.14,4,0.1
961,21,87.67,8,0.81
225,91,38.19,3,0.96
545,34,57.19,1,0.33
534,92,2.78,1,0.18
482,70,8.69,8,0.84
266,74,82.53,1,0.35
134,100,84.76,5,0.51
892,29,96.82,2,0.85
347,98,30.17,10,0.75
338,53,40.88,2,0.16
702,47,68.15,8,0.57
412,34,85.05,9,0.72
511,5,87.8,7,0.34
463,79,44.6,5,0.77
670,58,35.22,4,0.06
612,25,20.32,6,0.98
378,43,95.83,2,0.67
430,43,59.48,4,0.71
288,60,63.67,9,0.34
741,86,76.84,1,0.09
78,40,29.4,10,0.94
720,59,72.76,4,0.25
796,84,21.36,2,0.23
788,27,86,9,0.89
655,67,69.49,7,0.03
641,40,11.78,9,0.07
925,53,6.8,7,0.24
449,95,92.8,8,0.41
374,89,71.92,4,0.93
693,39,32.16,6,0.3
213,53,80.71,8,0.09
912,96,13,7,0.87
194,97,15.98,2,0.8
54,54,69.11,10,0.43
479,86,13.13,7,0.62
944,65,73.4,5,0.08
958,23,38.69,6,0.05
645,32,35.64,1,0.51
985,7,84.91,6,0.65
86,15,2.64,3,0.59
295,48,63.77,5,0.99
720,54,48.06,7,0.44
671,52,23.24,2,0.86
169,80,32.35,7,0.91
473,7,46.91,10,0.42
191,74,16.34,3,0.08
808,27,80.38,7,0.9
113,79,3.54,2,0.28
780,52,20.61,9,0.15
319,65,44.69,5,0.03
653,45,98.5,6,0.5
899,92,94.24,5,0.56
779,3,79.79,7,0.75
999,79,83.2,6,0.41
226,43,42.17,10,0.01
380,36,83.51,6,0.95
357,92,79.69,6,0.7
798,51,9.48,10,0.77
118,96,16.05,3,0.74
258,53,33.98,3,0.83
692,20,49.72,7,0.45
137,55,62.15,6,0.2
32,43,30.54,10,0.61
632,15,69.08,2,0.37
795,26,36.59,6,0.64
945,96,20.35,4,0.49
460,61,89.61,10,0.62
566,15,55.54,7,0.7
494,59,2.11,9,0.11
522,60,5.96,7,0.32
153,85,97.36,9,0.11
793,93,42.74,7,0.14
700,58,62.51,6,0.25
750,37,66.18,7,0.44
296,20,47.67,4,0
828,55,53.47,3,0.77
626,6,2.45,10,0.24
608,34,53.28,2,0.79
202,17,35.73,3,0.93
304,67,19.47,3,0.94
776,15,86.04,1,0.69
315,7,99.43,5,0.44
137,19,7.28,1,0.47
907,5,43.02,9,0.46
384,68,33.81,4,0.45
528,98,28,2,0.08
551,54,19.16,1,0.74
5,85,18.75,10,0.85
845,22,52.26,5,0.18
819,38,85.16,10,0.03
121,25,76.41,6,0.9
494,1,83.75,10,0.78
837,36,89.86,9,0.81
486,60,82.54,9,0.83
477,19,5.5,2,0.82
105,63,90.94,8,0.52
400,28,86.2,2,0.58
42,56,24.78,9,0.57
968,8,22.91,9,0.67
738,18,71.25,3,0.76
245,83,3.17,5,0.64
